{
  "math.circles": {
    "quizId": "math.circles",
    "title": "Circles",
    "sectionTitle": "Section 1, Module 1: Math \u2014 Circles (Practice)",
    "bank": "/assets/questionbank/math/circles.json",
    "timeLimitSec": 840,
    "difficulty": "hard",
    "skills": [
      "circle equation (standard form)",
      "radius/diameter relationships",
      "circumference and area",
      "arc length and sector area",
      "interpreting circle geometry"
    ],
    "studyHref": "/study/circles.html",
    "previewDescription": "Timed practice on the core SAT circle skills that show up repeatedly.",
    "questionCount": 10,
    "mode": "practice"
  }
}